{
  "benchmark_root": "/home/galoren/TextureSAM-v2/experiments/caid_eval_20260313/benchmarks/caid_test",
  "methods": {
    "ArchiTexture_small_pre_ring_hi_0p3": {
      "coverage": 3104,
      "direct": {
        "all": {
          "ari": 0.5745264367070227,
          "miou": 0.3710508742807676
        },
        "covered": {
          "ari": 0.5745264367070227,
          "miou": 0.3710508742807676
        }
      },
      "invariant": {
        "all": {
          "ari": 0.5745264367070227,
          "miou": 0.6676954039470209
        },
        "covered": {
          "ari": 0.5745264367070227,
          "miou": 0.6676954039470209
        }
      },
      "mean_mask_count_on_present": 1.0,
      "mode": "single_mask"
    },
    "TextureSAM_0p3": {
      "coverage": 3063,
      "direct": {
        "all": {
          "ari": 0.6100395200632832,
          "miou": 0.5580938026928699
        },
        "covered": {
          "ari": 0.6182052465806174,
          "miou": 0.5655642061895749
        }
      },
      "invariant": {
        "all": {
          "ari": 0.5080070568954286,
          "miou": 0.6690540742991616
        },
        "covered": {
          "ari": 0.5148070207650702,
          "miou": 0.678009744245706
        }
      },
      "mean_mask_count_on_present": 2.5488083578191314,
      "mode": "mask_bank"
    }
  },
  "num_images": 3104
}