{
  "benchmark_root": "/home/galoren/TextureSAM-v2/data/synthetic_texture_perlin_stitched_eval_numeric",
  "methods": {
    "SAM2_original": {
      "coverage": 1742,
      "direct": {
        "all": {
          "ari": 0.36038540339438385,
          "miou": 0.24243014088677745
        },
        "covered": {
          "ari": 0.36038540339438385,
          "miou": 0.24243014088677745
        }
      },
      "invariant": {
        "all": {
          "ari": 0.22129031084374362,
          "miou": 0.27696221848119573
        },
        "covered": {
          "ari": 0.22129031084374362,
          "miou": 0.27696221848119573
        }
      },
      "mean_mask_count_on_present": 20.197474167623422,
      "mode": "mask_bank"
    }
  },
  "num_images": 1742
}