{
  "benchmark_root": "/home/galoren/TextureSAM-v2/data/synthetic_texture_perlin_stitched_eval_numeric",
  "methods": {
    "ArchiTexture_small_pre_ring_hi_0p3": {
      "coverage": 1742,
      "direct": {
        "all": {
          "ari": 0.6038941422804043,
          "miou": 0.4993131186792345
        },
        "covered": {
          "ari": 0.6038941422804043,
          "miou": 0.4993131186792345
        }
      },
      "invariant": {
        "all": {
          "ari": 0.6038941422804043,
          "miou": 0.6803454871408711
        },
        "covered": {
          "ari": 0.6038941422804043,
          "miou": 0.6803454871408711
        }
      },
      "mean_mask_count_on_present": 1.0,
      "mode": "single_mask"
    },
    "TextureSAM_0p3": {
      "coverage": 1739,
      "direct": {
        "all": {
          "ari": 0.6445840168136827,
          "miou": 0.4211859029883546
        },
        "covered": {
          "ari": 0.6456960076419983,
          "miou": 0.4219125031660228
        }
      },
      "invariant": {
        "all": {
          "ari": 0.5509576825006648,
          "miou": 0.6425310193650042
        },
        "covered": {
          "ari": 0.551908155788475,
          "miou": 0.6436394685070945
        }
      },
      "mean_mask_count_on_present": 3.8464634847613572,
      "mode": "mask_bank"
    }
  },
  "num_images": 1742
}